"original_text","label","year","sector"
"Our immediate task will be to rein in Inflation","1","2014",""
"Put in place strict measures and special Courts to stop hoarding and black marketing.","1","2014",""
"Setting up a Price Stabilisation Fund.","1","2014",""
"Unbundle FCI operations into procurement, storage and distribution for greater efficiency.","1","2014",""
"Leverage on technology to disseminate Real time data, especially to farmers - on production, Prices, imports, stocks and overall availability.","1","2014",""
"Evolve a single 'National Agriculture Market'.","1","2014",""
"High priority to job creation and Opportunities for entrepreneurship.","2","2014",""
"Strategically develop high impact domains like Labour- intensive manufacturing (viz. textile, footwear, electronics assembly, etc.) and Tourism.","2","2014",""
"Strengthen the traditional employment bases of agriculture and allied industries, and retail -through modernization as well as stronger credit and market linkages.","1","2014",""
"Harness the opportunities provided by the upgradation of infrastructure and housing, for its job generating potential.","1","2014",""
"Encourage and empower our youth for self-employment - incubating entrepreneurship as well as facilitating credit. Address the employability issue by initiating a multi-skills development programme in mission mode. Focus will be on job creation and entrepreneurship, in both rural and urban areas.","2","2014",""
"Transform our Employment Exchanges into Career Centres - connecting our youth with job opportunities in a transparent and effective manner through the use of technology; as well as providing counselling and training.","2","2014",""
"Eliminate the scope for corruption.","1","2014",""
"Technology enabled e-Governance -minimizing the discretion in the citizen-government interface.","1","2014",""
"System-based, policy-driven governance - making it transparent.","2","2014",""
"Rationalization and simplification of the tax regime - which is currently repulsive for honest tax payers.","2","2014",""
"simplification of the processes and procedures at all levels bestowing faith in the citizens, Institutions and establishments.","1","2014",""
"We will ensure minimization of the generation of black money. Committed to initiate the process of tracking down and bringing back black money stashed in foreign banks and offshore accounts. We will also proactively engage with foreign governments to facilitate information sharing on black money.","1","2014",""
"We will set up a Task Force for this purpose and to recommend amendments to existing laws or enact new laws.","2","2014",""
"The engine of Government will be ignited again with strong willpower and commitment to public interest.","2","2014",""
"Encourage the bureaucracy to take right decisions and contribute their might in building a modern India.","2","2014",""
"Remove bottlenecks and missing links in all sectors, activities and services.","0","2014",""
"Focus on proper planning and execution for right outcomes","0","2014",""
"Strive for scale and speed with futuristic vision.","2","2014",""
"Build institutions for today and tomorrow.","2","2014",""
"The BJP will work for restoring the trust and credibility of the Government.","1","2014",""
"We will also ensure that the chain of responsibility and accountability is built in the system.","1","2014",""
"The genuine grievances of every state will be addressed in a comprehensive manner.","1","2014",""
"We will place Centre-State relations on an even keel through the process of consultation and strive for harmonious Centre-State relations.","1","2014",""
"Our Government will be an enabler and facilitator in the rapid progress of states. We will evolve a model of national development, which is driven by the states.","2","2014",""
"Team India shall not be limited to the Prime Minister led team sitting in Delhi, but will also include Chief Ministers and other functionaries as equal partners.","1","2014",""
"Ensure fiscal autonomy of States while urging financial discipline.","1","2014",""
"Create 'Regional Councils of States', with common problems and concerns, with a view to seeking solutions that are applicable across a group of states.","2","2014",""
"We will encourage cooperation among states on security- related issues, inter-state disputes and for removing inter- regional economic disparities and promoting tourism.","1","2014",""
"We recognize the special needs and unique problems of the hill and desert states. In consultation with the Governments of these states, state-specific developmental priorities/ models will be evolved so that the aspirations of the people are met.","2","2014",""
"Given the unique status of Union Territories (UTs), they will receive special attention. We will focus on developing and strengthening the economy of UTs. Tourism will be promoted, tribal welfare and their rights will receive full attention, and infrastructure and coastal area development will be given top priority.","1","2014",""
"We reiterate our commitment to the protection and integrated development of our island territories.","2","2014",""
"The moribund forums like 'National Development Council' and 'Inter-State Council' will be revived and made into active bodies.","2","2014",""
"Involve the state Governments in the promotion of foreign trade and commerce. Help the states mobilize resources through investments in industry, agriculture and infrastructure.","1","2014",""
"We shall give the highest priority towards bringing the eastern parts of the country on par with the western parts. To that extent, there shall be special focus and emphasis on the development of the eastern side of India. Put special emphasis on enhancing the connectivity within the region and to the rest of the country and There will be special emphasis on massive infrastructure development, especially along the Line of Actual Control in Arunachal Pradesh and Sikkim.","1","2014",""
"Government will play the role of an enabler and a facilitator to the rapid progress of the states; planning along regional aspirations, strengths and potentials, evolving appropriate strategies for various zones of the country - hilly regions, plains, desert and coastal areas.","1","2014",""
"NDA government had initiated concrete steps to address the issue of development of Northeast by setting up the Ministry of North- Eastern Region. We will empower this Ministry with a broader charter and non-lapsable funds for the rapid development of the region.","2","2014",""
"Address the issue of Flood control in Assam and river water management.","2","2014",""
"Nurture more job generating opportunities like tourism and IT industry.","1","2014",""
"Address the issue of infiltration and illegal immigrants in the Northeast region on a priority basis. This will include clear policy directions and effective control at the ground level.","1","2014",""
"Complete all pending fencing work along the India- Bangladesh and India-Myanmar border, stepping up border security.","2","2014",""
"Take measures for the safety of North-Eastern students studying across the country including setting up Hostels for North-Eastern students at various educational centres.","1","2014",""
"Deal with Insurgent groups with a firm hand.","0","2014",""
"Jammu and Kashmir: BJP will pursue an agenda of equal and rapid development in all the three regions of the state - Jammu, Kashmir and Ladakh. All steps will be taken to provide good governance, better infrastructure, educational opportunities, healthcare and more job opportunities, leading to a better quality of life in the valley.","2","2014",""
"The return of Kashmiri Pandits to the land of their ancestors with full dignity, security and assured livelihood will figure high on the BJP's agenda.","2","2014",""
"The long pending problems and demands of refugees from Pakistan Occupied Kashmir (POK) will be addressed.","1","2014",""
"BJP reiterates its stand on the Article 370, and will discuss this with all stakeholders and remains committed to the abrogation of this article.","1","2014",""
"Seemandhra and Telangana: BJP is committed to do full justice to Seemandhra, and address the issues of development and governance of Seemandhra and Telangana.","2","2014",""
"Decentralization and People's Participation","1","2014",""
"BJP has stood for greater decentralization through devolving of powers to the states.","1","2014",""
"People's Participation: Our developmental process will be a people's movement - of Jan bhagidari. We will make them the active drivers of development rather than mere passive recipients. ---- People's Engagement: Through Pro-active, Pro-people Good Governance, we will ensure the Government itself directly reaches out to the people, especially the weak and marginalized sections of society. --- We will further evolve the Public Private Partnership (PPP) model into a People-Public-Private Partnership (PPPP) model. --- We will actively involve people in policy formulation and evaluation through various platforms. ---","2","2014",""
"BJP is committed to strengthen self-Governance at the local level and we will empower Panchayati Raj Institutions with extensive devolution of the 3 Fs - Functions, Functionaries and Funds. --- Good performers amongst the Panchayats will be rewarded with additional developmental grants. ---- Strengthen the institution of the Gram Sabha, respecting their inputs and initiatives for development process. ---","2","2014",""
"We will encourage Openness in the Government, involving all stakeholders in the decision-making processes.","1","2014",""
"Reform the System","1","2014",""
"Administrative reforms will be a priority for the BJP. ---The administration and its members will be made truly accountable to their tasks as well as the people through rigorous evaluation process.. ---","2","2014",""
"The objective will be to bring in transparency in Government's decision making process. --- Government systems and processes would be relooked to make them citizen friendly, corruption free and accountable. ---","1","2014",""
"Every effort will be made to meet the development aspirations of the people and make the Government agencies accountable to the citizens.","1","2014",""
"We will set-up an effective Lokpal institution.","1","2014",""
"Corruption at any level will be dealt with firmly and swiftly.","0","2014",""
"Performance review, social and environment audit would be mandated for all Government schemes and programmes.","2","2014",""
"Open up Government to draw expertise from the industry, academia and society into the services. ---Open up government to draw expertise from the industry, academia and society. ----","1","2014",""
"Government will be redefined by elimination of whatever is obsolete in laws, regulations, administrative structures, practices and would be purposive.","2","2014",""
"We will generate 'Kartavya Bhavna' among public servants as lives and productivity of people is dependent on the quality and efficiency of public services.","1","2014",""
"Hallmarks of our Governance model would be:","1","2014",""
"people-centric","2","2014",""
"policy-driven","1","2014",""
"time-bound delivery","1","2014",""
"Minimum government-maximum governance","1","2014",""
"This will be a high priority area for BJP that IT touches the lives of ordinary men and women. ---BJP aims to nurture a Digital India -making every household and every individual digitally empowered.-- BJP aims to make every household digitally literate with a goal to make India the Global Knowledge hub, with IT being a major driver and engine of growth.","2","2014",""
"Focus on increasing the penetration and usage of broadband across the country. Deployment of broadband in every village would be a thrust area.","2","2014",""
"Leverage technology for e-Governance and engage proactively with the people through social media for participative governance and effective public grievance redressal mechanism.","2","2014",""
"Generate IT based jobs in rural and semi-urban areas.","2","2014",""
"Make technology enabled products affordable for students. Use technology to reduce the burden of books on children. Make all institutions and schools enabled in a phased manner. Digital learning and training to be used extensively.","2","2014",""
"pursue a mission mode project under the 'National Rural Internet and Technology Mission' for use of telemedicine and mobile healthcare for rural healthcare delivery; use of IT for agriculture for real time information; Self Help Groups; retail trade and SMEs; and rural entrepreneurs, etc.","1","2014",""
"Initiate a National e-Governance Plan to cover every Government office from the centre to the panchayats. The 'E Gram, Vishwa Gram' scheme in Gujarat to be implemented nationwide.","1","2014",""
"Promote e-Bhasha - National Mission for the promotion of IT in Indian Languages.","2","2014",""
"Focus to bring SC/ST, OBCs and other weaker sections of the society within the ambit of IT enabled development.","1","2014",""
"Deploy IT to protect India's priceless cultural and artistic heritage, which includes digitization of all archives and museology.","2","2014",""
"Promote 'open source' and 'open standard' software.","1","2014",""
"Mandate digitization of all government work to reduce corruption and delays.","1","2014",""
"Set up High-speed digital highways to unite the nation.","2","2014",""
"Use technology to reduce Transmission and distribution losses.","2","2014",""
"Use mobile and e-Banking to ensure financial inclusion.","2","2014",""
"Good performance will be rewarded; non-performers will be given opportunities and training support to improve.","2","2014",""
"Rationalization and convergence among the Ministries, departments and other arms of the Government will be ensured to focus on delivery.","1","2014",""
"Services of youth in particular will be tapped to contribute in governance with Fellowship and Internship programmes launched at various levels.","2","2014",""
"Accord high priority to judicial reforms to address the issue of appointment of judges, filling the vacancies Opening new courts, setting up a mechanism for speedy clearance of the backlog of cases at various levels in the judiciary.","1","2014",""
"Initiate a mission mode project for filling the vacancies in the judiciary and for doubling the number of courts and judges in the subordinate judiciary.","1","2014",""
"Create a fund for modernization of courts to improve the operational efficiency of courts.","2","2014",""
"Set up a separate class of courts for cases involving specified commercial laws which fast track the litigation process. Extend fast track courts to all layers of the judiciary.","1","2014",""
"Reform the criminal justice system to make dispensation of justice simpler, quicker and more effective and after examining the recommendations of the earlier reports on this subject.","2","2014",""
"Initiate the computerization and networking of courts all over the country. Simplify legal procedure and language.","1","2014",""
"Expand alternative dispute redressal mechanisms through Lok Adalats and Tribunals. Give special emphasis to the development of Alternate Dispute Resolution mechanisms – like LokAdalats, Arbitration and Conciliation centres","1","2014",""
"Implement the National Litigation Policy in letter and spirit to reduce average pendency time of cases. Review and reduce significantly the number of cases, in which the Government is a litigant in the next five years.","1","2014",""
"Periodically review and refine/ scrap outdated laws. Undertake a comprehensive review of the legal system to simplify complex legislations – converge overlapping legislation, as well as remove contradictory and redundant laws. Establish an institutional mechanism to periodically review and give suggestions for refining our laws.","1","2014",""
"Create courts specially equipped to deal with IPR cases.","2","2014",""
"Set up a comprehensive National e-Library, empowering Lawyers.","2","2014",""
"Evolve a national network of specialized universities having expertise in complementary domains - like Forensics, Arbitration, IPR, International Law, etc.","2","2014",""
"Develop India into a Global Hub for Arbitration and Legal Process Outsourcing.","1","2014",""
"We will simultaneously reform the legal system to make it more accessible to the common man. Make legal information open and freely accessible. Run legal awareness programmes and introduce in school curriculum - making the common man aware of his rights and duties","1","2014",""
"We will work with the states to empower Police with the authority, independence and resources. Facilitate training and capacity building of Police forces Modernize the police force, equipping them with the latest technology. Initiate the networking of police stations across the country for intelligence sharing and crime control. Develop specialized expertise in investigation; through continuous training, especially in evolving competencies. Strengthen Investigations, making them Swift, Transparent, Fair, Clear and Decisive - acting as an inescapable deterrent to wrong- doers and a protective shield to the innocent. Overhaul our intelligence set up, with special focus on coordination and integration of human and technological intel - comprehensively gearing it towards collecting real time, specific and actionable inputs.","1","2014",""
"Roll out a comprehensive strategy for bringing the Indian Police at par with international standards.","2","2014",""
"Modernize our Prison system with technology and infrastructure; to strengthen the security as well human rights and correctional dimensions. Work towards evolving common national standards and protocols. Train and technologically enable the police to track, pursue, as well as prevent Cyber Crime.","1","2014",""
"Bring Coastal States together on a common platform to discuss issues of Marine Policing.","2","2014",""
"Reinterpret the age-old concept of community policing in modern times; evolving ways for the police to reach out to the people, building bonds of trust and friendship - including spreading out into areas of public safety and public wellness. Give special emphasis for improving the working conditions and welfare of police personnel.","2","2014",""
"BJP is committed to initiate electoral reforms that will enable to eradicate corruption, eliminate criminals and it also commits to hold wider consultations with all the stakeholders for holding simulataneous elections of Parliament and State assemblies. BJP will also work with political parties and the EC make expenditure limits more realistic.","1","2014",""
"With firm belief in the concept of Antyodaya - uplifting the poorest of the poor - Extreme Poverty and malnutrition will be treated as a National priority, and will be addressed on Mission Mode.","1","2014",""
"Strengthen Delivery of poverty alleviation programs through convergence, transparency and efficiency.","1","2014",""
"Identify 100 most backward districts of the country to bring them at par with other districts through prioritized and integrated development.","2","2014",""
"Strengthen the natural resource base of the people to tide over natural calamities.","2","2014",""
"Aim to gainfully employ rural poor in agriculture and allied activities. Enable the urban poor to develop skills so that they take advantage of the emerging opportunities. Facilitate partnership across all levels of government, civil society, academic and financial institutions in this national mission of poverty alleviation.","1","2014",""
"BJP will take steps to ensure that the benefits of the scheme reach the common man and that the right to food does not remain an act on paper or a political rhetoric. BJP will review all the laws and schemes, in consultation with the states, to ensure a corruption-free efficient implementation of food security, which would be a priority.","1","2014",""
"Reviw the successful PDS models. And incorporate the best practoces to revose the existing PDS, for benefitting the common man.","1","2014",""
"Address the issue of under-nutrition and malnutrition.","1","2014",""
"Encourage the production of cereals, pulses and oils.","2","2014",""
"Radically transform the Food Corporation of India (FCI).","1","2014",""
"Ensure contingency stocks for any exigencies arising due to natural calamities or external factors.","1","2014",""
"Seek the participation of voluntary organizations in running community kitchens.","1","2014",""
"Instead of pursuing identity politics and tokenisms, we will focus on empowering the deprived sections of society. Steps will be taken to create an enabling ecosystem of equal opportunity - for education, health and livelihood.","1","2014",""
"We will accord highest priority to ensuring their security, especially the prevention of atrocities against SCs & STs.","1","2014",""
"The BJP is committed to bridge the divide following the principle of social justice (Samajik Nyay) and social harmony (Samajik Samrasata).","2","2014",""
"A high priority for SC, ST, OBCs and other weaker sections would be to create an ecosystem for education and entrepreneurship.","2","2014",""
"BJP is committed to the eradication of untouchability at all levels.","1","2014",""
"BJP is committed to eliminate manual scavenging. BJP will look at more effective ways to pull these people out of the poverty line.","2","2014",""
"BJP will ensure that the funds allocated for schemes and programmes for SC, ST, OBCs and other weaker sections are utilized properly.","1","2014",""
"A mission mode project would be made for housing, education, health and skills development. Special focus would be on the children, especially the girl child, with regards to health, education and skills development.","2","2014",""
"The goal would be to ensure tribal development while preserving the unique identities of this community.","2","2014",""
"BJP will initiate a 'Van BandhuKalyanYojna' at the national level to be overseen by a 'Tribal Development Authority'.","1","2014",""
"Setting up the entire education network for tribals.","2","2014",""
"Upgrading housing, water and health facilities.","2","2014",""
"Electrification of tribal hamlets and provision of all - weather roads.","2","2014",""
"Initiating new economic activities.","2","2014",""
"Promoting the products associated with the tribal culture by setting tribal haats in tourist towns and other centres. Facilitating access to minor forest produce and creating a network of rural haats (markets).","1","2014",""
"Ensure that the tribal land is not alienated.","1","2014",""
"Establishing the National Centre for Tribal Research and Culture to preserve the tribal culture and languages.","2","2014",""
"Enhancing the funds for tribal welfare and development.","2","2014",""
"BJP is committed to the preservation of the rich culture and heritage of India's minority communities; alongside their social and economic empowerment. Curate their rich heritage and culture - maintenance and restoration of heritage sites; digitization of archives; preservation and promotion of Urdu.","1","2014",""
"BJP is committed to ensure that all communities are equal partners in India's progress, as we believe India cannot progress if any segment of Indians is left behind.","1","2014",""
"Ensure that the young, and the girl child in particular get education and jobs without discrimination.","2","2014",""
"Strengthen and modernize minority educational systems and institutions; dovetailing them with modern requirements. National Madrasa modernization programme would be initiated.","1","2014",""
"Empower with vibrancy in Livelihood and Entrepreneurial opportunities.","1","2014",""
"Augment their traditional artisanship and entrepreneurial skill, which are a backbone of our cottage and small-scale industry - strengthening these sectors through better market linkages, branding and access to credit.","1","2014",""
"Empower Waqf Boards in consultation with religious leaders; taking steps to remove encroachments from and unauthorized occupation of Waqf properties.","1","2014",""
"Merged with 178","1","2014",""
"Ensure a peaceful and secure environment, where there is no place for either the perpetrators or exploiters of fear.","0","2014",""
"Educational scholarships and educational facilities.","2","2014",""
"Medical insurance and quality healthcare services.","1","2014",""
"Middle-income housing.","0","2014",""
"Efficient public transport systems.","2","2014",""
"A full-fledged programme for 'Rural Rejuvenation' will be made and implemented which will comprise of integrated strategies for personal, economic and social well-being of the villagers. Through the idea of Rurban, we will bring urban amenities to our rural areas, while retaining the soul of the village. Major thrust area for rural development would be to improve village level infrastructure in terms of roads, potable water, education, health, supply chain, electricity, broadband, job creation, security in rural areas and linkage to markets.","2","2014",""
"We will look at urbanisation as an Opportunity rather than a Threat. Major steps will be undertaken in Transport and Housing for 'Urban Upliftment' in India. We will initiate building 100 new cities; enabled with the latest in technology and infrastructure - adhering to concepts like sustainability, walk to work etc, and focused on specialized domains.","2","2014",""
"The approach to urban development will be based on integrated habitat development - building on concepts like Twin cities and Satellite towns.","1","2014",""
"Upgrade existing urban centres, transitioning focus from basic infrastructure to public utility services like Waste and Water Management - for a clean and healthy city life. Cleanliness and Sanitation will be given priority - efficient Waste and Water management systems will be set up. Model towns will be identified for rolling out integrated waste management infrastructure.","2","2014",""
"Wi-Fi facilities will be made available in public places and commercial centres.","1","2014",""
"Urban poverty alleviation scheme would be a key thrust area.","2","2014",""
"Use technology for scientific, strategic and long term town planning - including GIS based mapping","2","2014",""
"Build quality integrated Public Transport systems, discouraging usage of private vehicles.","2","2014",""
"We will make an effort that government withdraws from those services which could be done by others and devote that extra time, money and energy for social sectors, particularly for development of the weaker sections.","1","2014",""
"Maximum application of technology for making governance easy, economical and effective.","1","2014",""
"BJP is committed to address the issues related to children, like malnutrition and under-nutrition, problem of child labour, child-trafficking and missing children, sexual abuse, school dropouts and the increasing crime rate among juveniles.","1","2014",""
"Lay special emphasis on vulnerable children and especially those belonging to the vulnerable communities like SCs, STs, OBCs, migrants, slum dwellers, street dwellers and those with disabilities.","1","2014",""
"Ensure effective implementation of the Right to Education, Right to Food Security Act.","1","2014",""
"Review, amend and strengthen the Child and Adolescent Labour (Prohibition and Regulation) Act, 2012 and Integrated Child Protection Scheme (ICPS).","1","2014",""
"Focused efforts will be made to address issue of anaemia.","1","2014",""
"Reduce the burden of books on children without compromising on the quality of education.","1","2014",""
"Endeavour to inculcate values amongst children.","1","2014",""
"BJP is committed to the welfare of senior citizens, especially their security and health care. We will take measures to deal with the issues related to the senior citizens in a focused manner. Invest in setting up and improving old-age homes.","2","2014",""
"Provide financial support, exploring ideas like additional tax benefits and higher interest rates.","1","2014",""
"To Harness experience of senior citizens, we will Devise schemes and programs to engage them as volunteers","1","2014",""
"The welfare and rehabilitation of disabled people is integral to our vision of a caring society and that of a responsive government. Enact the 'Rights of the Persons with Disabilities bill' (RPWD).","1","2014",""
"Use technology to deliver low cost quality education to specially-abled students 'in-home' – through E-learning.","1","2014",""
"Identify each and every special needs person across the country - establishing a web based disability registration system to issue universal ID for all applicable government benefits (healthcare, transportation, jobs, education etc).","1","2014",""
"Ensure disabled friendly access to public facilities, public buildings and transport.","1","2014",""
"Ensure maximum economic independence of the disabled by creating more income generation models for them.","1","2014",""
"Support and aid voluntary organizations working for the care of the divyangjan.","2","2014",""
"Provide a higher tax relief for the family member taking care of the disabled.","0","2014",""
"We commit to review and revise policies to seek participation of youth in decision-making and nation building process and actively get the youth to participate in decision-making bodies. we will initiate the 'Young Leaders programme' in all sectors, to recognize, reward and involve these exceptionally talented youth to serve as role models and mentors for others. Set up the National Youth Advisory Council.","1","2014",""
"BJP will initiate nation-wide 'district level incubation and accelerator programme' for encouraging innovation and entrepreneurship.","2","2014",""
"Procedure to avail Student's loans will be simplified and loans made affordable.","1","2014",""
"Set up neighbourhood Children's/ Youth Parliament across India that leads to vibrant student committees leading to development","1","2014",""
"BJP will promote all sports - traditional and modern. Encourage business houses to patronize sports and sportspersons.","2","2014",""
"More funds will be allocated to sports, and we will encourage the State Governments to fully discharge their responsibility in the promotion of sports.","1","2014",""
"Steps would be taken to inculcate a culture of sports at the school level by arranging sports facilities and training needs for promoting a healthy lifestyle, and making sports as a compulsory part of the school curriculum.","2","2014",""
"Launch a 'National Sports Talent Search System', so that extraordinary sporting talent is identified at a very young age. Such promising boys and girls will be selected for special training.","2","2014",""
"Attractive career path needs to be planned for sportspersons providing security of career through jobs in government, PSUs and private sector.Special scheme would be devised for sportspersons to ensure social security","1","2014",""
"Establish sports academies across the country.","2","2014",""
"Mandate all new housing colonies to include sports facilities.","2","2014",""
"Women's welfare and development will be accorded a high priority at all levels within the government, and BJP is committed to 33% reservation in parliamentary and state assemblies through a constitutional amendment.","1","2014",""
"Launch a national campaign for saving the girl child and educating her -","1","2014",""
"Structure a comprehensive scheme, incorporating best practices from past successes like BalikaSamruddhi, LadliLaxmi and ChiranjeeviYojana to support encourage positive attitude amongst families towards the girl child.","1","2014",""
"Program for women healthcare in a mission mode, especially focusing on domains of Nutrition and Pregnancy - with emphasis on rural, SCs, STs and OBCs.","1","2014",""
"We will enable women with training and skills - setting up dedicated Women ITIs, Women wings in other ITIs.","1","2014",""
"Strict implementation of laws related to women, particularly those related to rape, Appropriate measures would be taken to check female foeticide, dowry, child marriage, trafficking, sexual harassment, rape and family violence.","0","2014",""
"Fund for relief and rehabilitation of rape victims lies unused at the Centre as the Government has not worked out the modalities of dispensation. BJP will clear this on priority.","2","2014",""
"Government will create an Acid Attack victims welfare fund to take care of the medical costs related to treatment and cosmetic reconstructive surgeries of such victims.","1","2014",""
"Make police stations women friendly, and increase the number of women in police at different levels.","1","2014",""
"Introduce self defence as a part of the school curriculum.","1","2014",""
"Using information technology for women's safety.","2","2014",""
"Special skills training and business incubator park for women. Set up a dedicated W-SME (Women Small and medium enterprises) cluster in every district. Set up an All Women Mobile Bank to cater to women.","1","2014",""
"Expand and improve upon the network of women / working women hostels.","1","2014",""
"Review the working conditions and enhance the remuneration of Anganwadi worker's.","1","2014",""
"Remove any remaining gender disparities in property rights, marital rights and cohabitation rights.","1","2014",""
"Will ensure that the loans to Women Self Help Groups would be available at low interest rates.","1","2014",""
"Special programs aimed at girls below poverty line, tribals and indigent women.","1","2014",""
"We will transform the quality of life of women in Rural India by providing electricity, tapped water, cleaner fuel and toilets in every home.","1","2014",""
"NDA's flagship program 'SarvaShikshaAbhiyan': Mechanism would be set up for its performance audit and to have real time information about its performance. Programme shall be strengthened and expanded with a goal to remove illiteracy.","1","2014",""
"Universalization of secondary school education and skills development through functional school shall be seriously pursued with particular focus on rural, tribal and difficult areas.","1","2014",""
"The content and process of school education shall be thoroughly reviewed to make it dynamic, stress-free, attractive and responsive to the emerging national needs. We will explore ways to reduce the daily burden of carrying books to school for children, which would also entail use of technology for education as a mission mode project.","1","2014",""
"Girls shall be provided all possible help to continue and complete school education.","1","2014",""
"The digital divide shall not be allowed to create further divisions in the learning situations of children.","1","2014",""
"Special pedagogy would be developed for differently-abled students.","2","2014",""
"On priority, a national modernization programme for madrasa's would be started.","2","2014",""
"Mid-day meal scheme would be revitalized in terms of management and delivery.","2","2014",""
"Establish a national E-Library to empower school teachers and students. Optimum utilization of physical and manpower resources.","2","2014",""
"Initiate a multi-country student exchange programme for broadening the horizon of school going children.","2","2014",""
"Creative talents of students will be recognized and encouraged.","2","2014",""
"Enhancing the pivotal role of the teachers by reworking the work culture of teacher training institutions with a goal to prepare committed and performing teachers.","2","2014",""
"A mechanism for close interaction between industry (including SME), academia and community would be instituted.","1","2014",""
"Needs assessment exercise will be done for identifying the future needs across sectors, and the same would be used for developing appropriate courses for higher education, to ensure that the country has adequate manpower for every sector, both established and emerging, in the economy.","1","2014",""
"Will provide autonomy with steps to ensure accountability for institutions of higher learning.","2","2014",""
"Will raise the standard of education and research, so that Indian universities become at par with the top global universities and find their place in the global league","2","2014",""
"The credibility of the regulatory bodies shall be restored. The procedures to make appointments to senior positions shall be made transparent and merit and ability shall be the sole criterion.","1","2014",""
"UGC will be restructured and it will be transformed into a Higher Education Commission rather than just being a grant distribution agency","1","2014",""
"We will revisit the Apprenticeship Act to facilitate our youth to Earn while they Learn.","2","2014",""
"Would set up Massive Open Online Courses (MOOC) and virtual classrooms to make it convenient for working class people and housewives to further their knowledge and qualifications. Correspondence courses will be started in new domains for self-employment, family run businesses, entrepreneurship and innovation, and these courses would be provided for free to women. The goal would be to prepare the youth for jobs being created by the emerging sectors, foster a spirit of innovation and entrepreneurship, leading to more incomes and job creation.","1","2014",""
"Will set up a National Commission on Education to report in two years on the state of education and the reforms needed.","1","2014",""
"Will implement a National Education Policy to meet the changing dynamics of the population's requirement with regards to quality education, innovation and research, aiming to make India a knowledge superpower by equipping its students with the necessary skills and knowledge and to eliminate the shortage of manpower in science, technology, academics and industry.","1","2014",""
"Skill Mapping - to help scientifically plan our national human resource development that India would need","2","2014",""
"Launch a 'National Multi-skill Mission'","2","2014",""
"We will run short-term courses, in the evenings, focusing on employable skills.","2","2014",""
"We will also set up Centres of Excellence in various sectors in partnership with the Industry.","2","2014",""
"To ensure industry responsive manpower, we will bring together industry, universities and government.","2","2014",""
"We will promote vocational training on a massive scale. Rigid segregation of formal education and skill development will be broken; a mechanism will be established to give vocational qualifications of Academic Equivalence.","1","2014",""
"We will also create institutional mechanisms to refresh and upgrade abilities through continuing education - to make them employable.","1","2014",""
"We will focus on need based skill development and employability; making our youth employable even in the most sophisticated jobs.","2","2014",""
"Put emphasis on imparting soft skills to enhance employability including a national program on foreign languages","1","2014",""
"Launch a national programme for digital empowerment through computer literacy of the people, especially the youth.","1","2014",""
"We will assess the talent and capacity of our youth from an early age; so they can be groomed accordingly.","1","2014",""
"We will push for greater practical and research training encouraging real world experience through internships and apprenticeships.","2","2014",""
"Will initiate the New Health Policy","2","2014",""
"Initiate the 'National Health Assurance Mission', with a clear mandate to provide universal healthcare that is not only accessible and affordable, but also effective, and reduces the OOP spending for the common man.","1","2014",""
"Education and Training - Will review the role of various professional regulatory bodies in healthcare and consider setting up an overarching lean body for healthcare. High priority will be given to address the shortfall of healthcare professionals.","1","2014",""
"Modernize Government hospitals, upgrading infrastructure and latest technologies.","1","2014",""
"Reorganize Ministry of Health and Family Welfare in order to converge various departments dealing in healthcare, food and nutrition and pharmaceuticals, for effective delivery of healthcare services.","2","2014",""
"Increase the number of medical and para-medical colleges to make India self sufficient in human resources, and set up an AIIMS like institute in every state.","1","2014",""
"Yoga and Ayurveda are the gifts of ancient Indian civilization to humanity and we will increase the public investment to promote Yoga and AYUSH. We will start integrated courses for Indian System of Medicine (ISM) and modern science and Ayurgenomics. We will set up institutions and launch a vigorous program to standardize and validate the Ayurvedic medicine.","1","2014",""
"Move to pre-emptive care model where the focus and thrust will be on child health and prevention.","2","2014",""
"School health program would be a major focus area, and health and hygiene will be made a part of the school curriculum","1","2014",""
"Focus on Rural Health care delivery.","2","2014",""
"Senior Citizens healthcare would be a special focus area.","2","2014",""
"Give high priority to chronic diseases, and will invest in research and development of solutions for chronic diseases like obesity, diabetes, cancer, CVD etc.","2","2014",""
"Occupational health programs will be pursued aggressively.","2","2014",""
"Utilize the ubiquitous platform of mobile phones for healthcare delivery and set up the 'National eHealth Authority' to leverage telemedicine and mobile healthcare for expanding reach and coverage and to define the standards and legal framework for technology driven care.","1","2014",""
"Universalization of emergency medical services-108.","2","2014",""
"Re-orientation of herbal plants board to encourage farming of herbal plants.","2","2014",""
"Population stabilization would be a major thrust area and would be pursued as a mission mode program.","1","2014",""
"Programme for Women Healthcare with emphasis on rural, SC, ST and OBC in a mission mode.","1","2014",""
"Mission mode project to eradicate malnutrition.","1","2014",""
"Launch National Mosquito Control mission.","1","2014",""
"Create an open defecation free India by awareness campaign and enabling people to build toilets in their home as well as in schools and public places. Set up modern, scientific sewage and waste management systems.","2","2014",""
"We will introduce Sanitation Ratings measuring and ranking our cities and towns on 'sanitation'; and rewarding the best performers.","2","2014",""
"Make potable drinking water available to all thus reducing water-borne diseases, which will automatically translate into Diarrhoea-free India.","1","2014",""
"Find out solutions, which are effective in the short run and lasting in the long run.","2","2014",""
"Strictly implement Fiscal discipline, without compromising on funds availability for development work and asset creation","1","2014",""
"Allocate resources efficiently and effectively to re- energize the engines of growth.","1","2014",""
"Re-visit the policy framework for investments both foreign and domestic to make them more conducive.","1","2014",""
"Undertake Banking reforms to enhance ease and access, as well as accountability.","1","2014",""
"We will encourage Savings as an important driver of investment and growth.","2","2014",""
"Will take necessary steps to reduce NPAs in Banking sector.","2","2014",""
"Will set up a strong regulatory framework for the non- banking financial companies to protect the investors.","1","2014",""
"Provide a non adversarial and conducive tax environment.","1","2014",""
"Rationalize and simplify the tax regime.","1","2014",""
"Overhaul the dispute resolution mechanisms.","1","2014",""
"Bring on board all State governments in adopting GST, addressing all their concerns.","1","2014",""
"Provide tax incentives for investments in research and development, geared towards indigenization of technology and innovation.","1","2014",""
"The FIPBs (Foreign Investment Promotion Board) functioning shall be made more efficient and investor friendly.","2","2014",""
"Increase public investment in agriculture and rural development.","1","2014",""
"Take steps to enhance the profitability in agriculture, by ensuring a minimum of 50% profits over the cost of production, cheaper agriculture inputs and credit; introducing latest technologies for farming and high yielding seeds and linking MGNREGA to agriculture. Put in place welfare measures for farmers above 60 years in age, small and marginal farmers and farm labours.","2","2014",""
"Introduce and promote low water consuming irrigation techniques and optimum utilization of water resources.","1","2014",""
"Introduce soil assessment based crop planning and setting up mobile soil testing labs. Work with the states to set up seed culture labs in each district and regional agriculture innovation labs to conserve agro-biodiversity and to identify and preserve rare indigenous varieties.","1","2014",""
"Re-orient pest management and control programmes","1","2014",""
"Implement and incentivize the setting up of the food processing industry that has remained just a plain talk till now. This will lead to better income for farmers and create jobs. We aim to set up 'agro food processing clusters', with high value, export-quality and vacuum packed food processing facilities, etc.","2","2014",""
"Focus on the quality, productivity and trade of spices. Introduce rotation farming for herbal products, based on geographical mapping, to enhance the income of farmers. Set up the 'Organic Farming and Fertilizer Corporation of India', to promote organic farming and fertilizers, and provide incentives and support for marketing organic produce.","1","2014",""
"Implement a farm insurance scheme to take care of crop loss due to unforeseen natural calamities.","1","2014",""
"Strengthen and expand rural credit facilities.","1","2014",""
"Promote horticulture, floriculture, pisciculture, bee- keeping and poultry for generating jobs and income for rural India","2","2014",""
"Promote fish farming and aqua culture. Measures would be taken for the welfare of fisherman","2","2014",""
"Create Cluster based storage systems (e.g. Rice cluster, Wheat Cluster, Veg - Fruit cluster, Spices cluster)","2","2014",""
"Introduce the concept of consumer friendly farmers' market to reduce wastages and increase incomes and risk coverage.","1","2014",""
"Reform the APMC act.","1","2014",""
"Explore setting up of regional Kisan TV channels.","2","2014",""
"Give high priority to poverty alleviation in rural areas.","2","2014",""
"Genetically Modified (GM) foods will not be allowed without full scientific evaluation on its long-term effects on soil, production and biological impact on consumers.","1","2014",""
"Will adopt a 'National Land Use Policy', which will look at the scientific acquisition of non-cultivable land, and its development; Protect the interest of farmers and keep in mind the food production goals and economic goals of the country. Its implementation would be monitored by the National Land Use Authority, which will work with the State Land Use Authorities to regulate and facilitate land management.","1","2014",""
"We will ensure that a conducive, enabling environment is created making 'doing business' in India easy.","2","2014",""
"We will focus on cutting the red tape, simplifying the procedures and removing the bottlenecks.","2","2014",""
"We will ensure logistics infrastructure, including stable power.","2","2014",""
"Our attempt will be to move towards a single-window system of clearances both at the centre and also at the State level through a Hub-spoke model.","1","2014",""
"We will put in place a mechanism that will ensure that the Central and state governments work in close coordination and synergy while giving clearances to mega projects.","1","2014",""
"Decision-making on environment clearances will be made transparent as well as time-bound. Frame the environment laws in a manner that provides no scope for confusion and will lead to speedy clearance of proposals without delay.","2","2014",""
"We will set up World class Investment and Industrial regions as Global Hubs of Manufacturing.","2","2014",""
"We will set up a task force to review and revive our MSME sector (Micro and Small Medium scale Enterprises); enabling it with better access to formal credit and technology for modernization.","1","2014",""
"Accord high priority to the growth of manufacturing, so that we can create enough jobs in the country. This sector must grow fast to ensure employment and asset creation. We will facilitate setting up of software and hardware manufacturing units.","2","2014",""
"Take steps for Interest rate rationalization and have a clear tax policy to remove uncertainty and create investor confidence.","1","2014",""
"Take all steps; like removing red-tapism involved in approvals, to make it easy to do business, invest in logistics infrastructure, ensure power supply and undertake labour reforms, besides other steps to create a conducive environment for investors.","2","2014",""
"Increase the public spending on R&D and Incentivize R&D investments by the industry to increase the competitiveness of the manufacturing sector.","1","2014",""
"Encourage Indian companies to go global and we will support Indian companies in this endeavor. We believe that Indian entrepreneurs have the capability to take on global markets.","1","2014",""
"Set up trade facilitation to ensure easier customs clearances and visas for business travel.","1","2014",""
"Initiate a Government - Industry Dialogue, a channel for regular interface with the industry.","1","2014",""
"To enhance the competitiveness of the SME sector leading to a larger contribution to our economic growth and employment generation.","1","2014",""
"We will move up the value chain of the sector driven by a focus on Quality. Market linkages - both national and international.","1","2014",""
"Access to credit and information and skills upgradation.","1","2014",""
"Schemes will be drawn for skills upgradation and enhancement of business opportunities for artisans like smiths, weavers, carpenters, hair-dressers, shoe-smiths, and potters.","2","2014",""
"Focus on Zero defect products.","1","2014",""
"Build world class Ports; connecting them with roads and rail to the hinterland so as to drive the maritime trade of the country. Air Cargo facilities will be enhanced throughout the country.","2","2014",""
"An Export Promotion Mission will be established integrating all stakeholders.","2","2014",""
"Current accounts deficit will be brought down aggressively by focusing on exports and reducing the dependency on imports. Value addition on our products will be the biggest task.","1","2014",""
"We shall work with the State governments to usher in the GST in an appropriate timeframe. For implementing the same, a robust IT network system will be put in place.","2","2014",""
"We will embark on the path of IPRs and Patents in a big way.","2","2014",""
"Take all necessary steps to protect the interest of retailers, small traders and small vendors and equip them with the latest techniques and methods to modernize them and make them competitive.","1","2014",""
"Commit to ensure that the retailers and SMEs don't have to spend time and money for seeking multiple licenses to start the business. There will a system in place to avoid harassment of small traders. Ensure easy availability of institutional credit.","1","2014",""
"Review obsolete and multiple laws to reduce and simplify them.","2","2014",""
"Remove ambiguity in rules to make way for prompt decisions without any scope for discretion.","1","2014",""
"Telecom revolution has touched length and breadth of the country but there is significant scope and necessity to improve the quality of voice and data to fully leverage the potential.","1","2014",""
"Initiate a mission mode project to create 50 tourist circuits that are affordable and built around themes like: a.) Archaeological and Heritage, b.) Cultural and Spiritual, c.) Himalayan, d.) Desert, e.) Coastal, f.) Medical (Ayurveda and Modern Medicine), etc.","2","2014",""
"Specialized course in tourism will be started for capacity development.","2","2014",""
"Safety and Security of tourists would be accorded due priority.","2","2014",""
"Issue identity cards to the unorganized sector labourers, and arrangements will be made to provide them good quality health and education services. Also, their skills will be upgraded through appropriate training programs.","1","2014",""
"Extend access to modern financial services to labour - including considering the option of setting up a dedicated Workers Bank.","1","2014",""
"Bring together all stakeholders to review our Labour laws which are outdated, complicated and even contradictory.","1","2014",""
"Strengthen the Pension and Health Insurance safety nets for all kinds of labourers.","2","2014",""
"Will roll out a massive Low cost Housing programme to ensure that by the time the nation 32 completes 75 years of its Independence, every family will have a pucca house of its own. Our proposed programme will further ensure that these houses are equipped with the basic facilities of toilet, piped water supply, electricity and proper Access. Prioritize all our resources towards this goal.","2","2014",""
"Leverage on land as a resource in urban areas and demand for unskilled labour in the rural areas.","2","2014",""
"Innovatively structure the programme to converge and dovetail various existing programmes, while adding the missing links.","1","2014",""
"Simultaneously encourage the overall housing sector, through appropriate policy interventions and credit availability and interest subvention schemes.","2","2014",""
"Work on the Freight Corridors and attendant Industrial Corridors will be expedited. This will result in the faster movement of people and goods.","2","2014",""
"Remote states like those in the Northeast and Jammu and Kashmir will be connected with the rest of India through world class highways and rail lines.","1","2014",""
"National Highway construction projects will be expedited, especially Border and Coastal highways.","1","2014",""
"Every village will be connected through all-weather roads.","2","2014",""
"We shall modernize existing and operational Airports, and build new ones especially connecting smaller towns and all tourism circuits. In addition, there is a potential for inland air transportation to various remote and local locations in the country. Such air strips will be developed so that low cost air travelling becomes possible within the country.","2","2014",""
".Public Private Partnership would be encouraged to tap into private sector resources as well as expertise. An institutional framework would be established for the same; while regulators would be given greater autonomy as well as accountability.","2","2014",""
"Set up Gas Grids to make gas available to households and industry.","2","2014",""
"Set up a National Optical-Fibre Network up to the village level; and Wi-Fi zones in public areas.","1","2014",""
"Harness our advanced satellite technology and expertise for development.","2","2014",""
"Create a public transport system, which can reduce the dependence on personal vehicles for transport, thereby, reducing cost, time to travel as well as ecological cost.","1","2014",""
"Launch an Integrated Public transport project which will include roadways, railways and waterways.","1","2014",""
"Develop waterways for passenger and cargo transport.","2","2014",""
"Develop National logistics network for faster movement of goods.","2","2014",""
"Hinterland will be connected to the ports through strategic new Rail networks.","2","2014",""
"Agri Rail network will be established - with Train Wagons designed to cater to the specific needs of perishable Agricultural products like milk and vegetables as well as light weight wagons for salt movement.","1","2014",""
"Tourist Rail - including Pilgrimage Rail.","1","2014",""
"Railways Modernization, inducting of state-of-the-art technology.","2","2014",""
"Special focus on developing skilled human resources to meet future demand.","1","2014",""
"Prioritize Safety and invest in long required overhaul of stressed infrastructure, strict norms and warning systems.","0","2014",""
"Modernize and equip all stations with requisite infrastructure and public utilities.","0","2014",""
"Convert all unmanned crossings into manned crossings in a phased manner.","2","2014",""
"Initiate R&D for indigenous railways, coach design and signals.","2","2014",""
"We will launch Diamond Quadrilateral project - of High Speed Train network.","2","2014",""
"Launch the 'Pradhan Mantri Gram SinchayeeYojana' with a motto of 'harkhetkopaani'. We will launch multi-pronged 'water strategy' for reducing farmer's dependence on monsoon. Increase irrigated land by completing the long pending irrigation projects on priority.","1","2014",""
"We will nurture ground water recharge harnessing rain water to reduce dependence on ground water. Encourage efficient use, water conservation, recycling and rain water harvesting. Examination of ground water to eliminate toxic chemicals, particularly arsenic and fluorides. To ensure drinking water security to all.","2","2014",""
"Sewage treatment plants to prevent the pollution of rivers.","2","2014",""
"Desalination plants for drinking water supply in coastal cities.","2","2014",""
"Inter-linking of rivers based on feasibility.","1","2014",""
"We will Encourage setting up of drinking water supply grid in water scarce areas. Facilitate piped water to all households.","2","2014",""
"Promote decentralized, demand-driven, community- managed water resource management, water supply and environmental sanitation.","1","2014",""
"Come out with a responsible and comprehensive 'National Energy Policy'.","1","2014",""
"Focus on development of energy infrastructure, human resource development and upgradation of technology.","1","2014",""
"Take steps to maximize the potential of oil, gas, hydel power, ocean, wind, coal and nuclear sources. BJP considers energy efficiency and conservation crucial to energy security.","1","2014",""
"Set up small-hydro power generation projects to harness the hydropower that is not being used at the moment. Small projects can be set up with local support and without displacement of the local population.","2","2014",""
"Take Steps to increase the domestic coal exploration and production, to bridge the demand and supply gap. Oil and gas explorations would also be expedited in the country. This will also help to reduce the import bill.","1","2014",""
"Give a thrust to renewable sources of energy as an important component of India's energy mix.","1","2014",""
"Expand and strengthen the national solar mission.","2","2014",""
"Ensuring food, agricultural, nutritional and environmental, wealth, health and energy security of the people on a sustainable basis, using sci ence and technology. Mounting a direct and sustained effort on the alleviation of poverty, enhancing livelihood security, removal of hunger and malnutrition, reduction of drudgery and regional imbalances, both rural and urban, and generation of employment, by using scientific and technological capabilities along with our traditional knowledge pool.","2","2014",""
"Encouraging research and innovation in areas of relevance for the economy and society, particularly by promoting close and productive interaction between private and public institutions. Sectors such as agriculture (particularly soil, water management, human and animal nutrition and fisheries), water, health, education, industry, energy including renewable energy, communication and transportation would be accorded highest priority. Leveraging of technologies such as information technology, biotechnology and material sciences would be done with special importance.","1","2014",""
"Encouraging research and application to meet the challenges of climate change and for forecasting, prevention and mitigation of natural hazards, particularly floods, cyclones, earthquakes, drought and landslides. Promoting international science and technology cooperation towards achieving the goals of national development and security, and making it a key element of our international relations.","2","2014",""
"Devise schemes, programs and opportunities to encourage the youth to take scientific research and innovation as a career.","2","2014",""
"Provide work environment and professional opportunities in fundamental scientific research, to make research careers more appealing, so that the nation can harness the best of brains for scientific research leading to enhancing the national productivity and competitiveness and reverse brain drain.","1","2014",""
"Build world class, regional centres of excellence of scientific research in the field of nanotechnology, material sciences, thorium technology and brain research. Create an ecosystem for multi-country and inter- disciplinary collaborative research, and establish an Intellectual Property Rights Regime which maximizes the incentive for generation and protection of intellectual property for all type of inventors.","2","2014",""
"Achieving synergy between industry and scientific research. Autonomous technology transfer organizations will be created as associate organizations of universities and national laboratories to transfer the know-how generated by them to industry. Industry will be encouraged to adopt or support educational and research institutions to help direct science and technology endeavours towards tangible industrial goals.","2","2014",""
"Promotion of innovation by creating a comprehensive national system of innovation.","2","2014",""
"Indigenous knowledge, based on our long and rich tradition will be further developed and harnessed for the purpose of wealth and employment generation","2","2014",""
"To promote science popularization schemes extensively. Bring the changes in secondary education to focus on application of science.","2","2014",""
"Set an institute of Big data and Analytics for studying the impact of big data across sectors","2","2014",""
"To do research for the eradication of tropical diseases.","1","2014",""
"Establish institutes of Technology for Rural Development.","1","2014",""
"Establish a Central University dedicated to Himalayan Technology.","2","2014",""
"Promote research and application of nuclear science in medicines, industry and agriculture.","1","2014",""
"Encourage Cleaner production.","2","2014",""
"Cleaner fuels will be promoted so as to bring down the pollution levels particularly in the cities.","1","2014",""
"The concept of pro-active 'Carbon Credit' will be promoted.","1","2014",""
"Ecological Audit of projects and pollution indexing of cities and townships will be done on scientific basis. Pollution control mechanisms will be set up on priority basis.","2","2014",""
"In addition to protecting the existing forests and wildlife reserves, the wastelands of the country will be used for social forestry.","1","2014",""
"Guidelines for Green buildings and energy efficient work places will be brought out.","2","2014",""
"R&D and Human Resource Development in Environment Technology will be promoted.","2","2014",""
"Set up fool proof mechanisms for protection and preservation of wild life.","1","2014",""
"Encourage citizen's participation in reforestation, agro- forestry and social forestry, through targeted programmes.","2","2014",""
"Encourage and incentivize innovative garbage disposal and waste management practices, especially recycling techniques.","1","2014",""
"Launch 'National Mission on Himalayas' as a unique programme of inter-governmental partnership, in coordinated policy making and capacity building across states and sectors","2","2014",""
"Create a Central University dedicated to the Himalayan Technology. Create a 'Himalayan Sustainability Fund'.","1","2014",""
"Give due Importance to the programmes devised to arrest the melting of Himalayan glaciers from which most of the rivers in North India originate.","2","2014",""
"We will set in place national policies on critical natural resources like coal, minerals, spectrum, etc. - spelling out in black and white how much should be utilized at what time and pace; how this should be strategically phased out to ensure sustainability; who should be allotted what responsibility of extraction and at what cost.","1","2014",""
"State Governments will be taken into confidence for harnessing of these resources.","1","2014",""
"We will implement auction of precious resources through efficient mechanisms including eauction.","2","2014",""
"Resource mapping, exploration and management will be undertaken through the use of technology. Value addition will be encouraged in all resources, instead of just marketing.","2","2014",""
"Revive the anti-terror mechanism that has been dismantled by the Congress, strengthen the role of NIA and put a system in place for swift and fair trial of terror related cases.","1","2014",""
"Reform the National Security Council to make it the hub of all sector-related assessments. It will be accountable for real-time intelligence dissemination. Digital and Cyber security will be a thrust area.","1","2014",""
"Insulate intelligence agencies from political intervention and interference.","1","2014",""
"Completely revamp the intelligence gathering system by modernizing the intelligence department.","1","2014",""
"Provide the State governments with all assistance to modernize their respective police forces and equip them with the latest technology. This will be taken up on a mission mode approach.","2","2014",""
"Strengthen and expand the Civil Defence and Home Guards mechanism to create a group of citizens for community defence, self-defence and disaster management.","1","2014",""
"Encourage and strengthen NCC training at the college and University level.","1","2014",""
"Chalk a national plan in consultation and participation of the state Governments, to address the challenges posed by the Maoist's insurgency. Talks with the insurgent groups will be conditional and within the framework of the constitution.","1","2014",""
"Take urgent steps for the safety of the migrant workers and communities from the Northeast and other states.","1","2014",""
"Address the issue of reforms with regards to defence equipment, support services, organizational reforms and other related matters Modernize armed forces, and increase the R&D in defence, with a goal of developing indigenous defence technologies and fast tracking of defence purchases.","2","2014",""
"Address the increasing shortage of commissioned and non- commissioned staff in the defence forces on a priority basis, in a time bound manner.","1","2014",""
"Implement one rank, one pension. Build a War Memorial to recognize and honour the gallantry of our soldiers.","1","2014",""
"Take measures to make Short Service Commission more attractive.","1","2014",""
"Set up the National Maritime Authority which will be equipped with the best of infrastructure, and will focus on coastal security.","1","2014",""
"Merged with 493","1","2014",""
"Deal with cross border terrorism with a firm hand.","2","2014",""
"Review and improve the border management. Punitive measures will be introduced to check illegal immigration.","1","2014",""
"Set up four dedicated defence universities to meet the shortage of manpower.","1","2014",""
"Appoint a Veterans Commission to address the grievances of veterans, including reforming ECHS and re-employment of ex-servicemen.","2","2014",""
"Ensure greater participation of Armed Forces in the decision-making process of the Ministry of Defence.","1","2014",""
"Implement measures to improve the efficiency of Armed Forces Tribunals, and minimize appeals by the Government.","1","2014",""
"Ensure that servicemen can register and vote from their place of posting.","1","2014",""
"Initiate the process of digitization of defence land in cantonment and in other places.","1","2014",""
"Will strengthen the Defence Research and Development Organization (DRDO); encourage private sector participation and investment, including FDI in selected defence industries.","2","2014",""
"Technology transfer in defence manufacturing will be encouraged to the maximum.","1","2014",""
"We will find solutions to the problems hampering the growth of the defence sector.","1","2014",""
"We will encourage domestic industry to have a larger share in design and production of military hardware and platforms for both domestic use and exports, in a competitive environment.","1","2014",""
"Study in detail India's nuclear doctrine, and revise and update it, to make it relevant to challenges of current times.","1","2014",""
"Maintain a credible minimum deterrent that is in tune with changing geostatic realities.","1","2014",""
"Invest in India's indigenous Thorium Technology Programme.","1","2014",""
"Equations will be mended through pragmatism and a doctrine of mutually beneficial and interlocking relationships, based on enlightened national interest.","1","2014",""
"We will champion uniform international opinion on issues like Terrorism and Global Warming.","2","2014",""
"Instead of being led by big power interests, we will engage proactively on our own with countries in the neighbourhood and beyond.","1","2014",""
"We will work towards strengthening Regional forums like SAARC and ASEAN.","1","2014",""
"We will continue our dialogue, engagement and cooperation, with global forums like BRICS, G20. IBSA, SCO and ASEM. States will be encouraged to play a greater role in diplomacy; actively building relations with foreign countries to harness their mutual cultural and commercial strengths.","2","2014",""
"We will expand and empower our pool of diplomats, ensuring our message is taken to the world and our great nation represented on the whole in a befitting manner.","2","2014",""
"The NRIs, PIOs and professionals settled abroad are a vast reservoir to articulate the national interests and affairs globally. This resource will be harnessed for strengthening Brand India","2","2014",""
"India shall remain a natural home for persecuted Hindus and they shall be welcome to seek refuge here.","1","2014",""
"To explore all possibilities within the framework of the constitution to facilitate the construction of the Ram Temple in Ayodhya.","1","2014",""
"To take decision on 'SethuSamudram Channel' project keeping in mind its cultural heritage and strategic importance due to its vast thorium deposits.","1","2014",""
"Commits to ensure the cleanliness, purity and uninterrupted flow of the Ganga on priority. In addition, a massive 'Clean Rivers Programme' will be launched across the country driven by people's participation.","2","2014",""
"Necessary legal framework will be created to protect and promote cow and its progeny. A National Cattle Development board will be set up to implement a Programme for the improvement of indigenous livestock breeds.","2","2014",""
"Heritage Sites: We will provide appropriate resources for the maintenance and restoration of all national heritage sites, and to prevent their vandalisation in any form. The digitization of archives and archeological and museological records would be initiated. A National Mission for beautifying and improving the infrastructure and amenities at pilgrimage centres of all faiths will be launched.","2","2014",""
"Languages: Indian Languages are repositories of our rich literature, history, culture, art and scientific achievements. Many of our dialects are important source for knowing our heritage. BJP would promote Indian languages, and put measures for the development of all Indian languages, so that they become a powerful vehicle for creating a knowledge society.","1","2014",""
"Article 44 of the constitution of India lists Uniform Civil Code as one of the Directive Principles of state policy. BJP believes that there cannot be gender equality till such time India adopts a Uniform Civil Code, which protects the rights of all women, and the BJP reiterates its stand to draft a Uniform Civil Code, drawing upon the best traditions and harmonizing them with the modern times.","1","2014",""
"Double the Farmers' Income (2016-2022)","0","2019","AGRICULTURE"
"Creation of 10,000 Farmer Producer Organizations","2","2019","AGRICULTURE"
"Launch a Pension Scheme for Small and Marginal Farmers","0","2019","AGRICULTURE"
"Complete Irrigation Projects under Pradhan Mantri Krishi Sinchayi Yojana","2","2019","AGRICULTURE"
"Provide Short-Term Agriculture Loans","0","2019","AGRICULTURE"
"Increase Cropped Area Under Irrigation","2","2019","AGRICULTURE"
"Work Towards Digitizing Land Records","1","2019","AGRICULTURE"
"Strive to Ensure All-Weather Connectivity for Every Village","2","2019","AGRICULTURE"
"Assist Fishermen via Matsya Sampada Yojana","2","2019","AGRICULTURE"
"Pradhan Mantri Kisan Samman Nidhi Yojana to ensure financial support to farmers owning land up to 2 hectares.","2","2019","AGRICULTURE"
"₹25 lakh crore investment in Agri-rural sector","1","2019","AGRICULTURE"
"Interest-free Kisan Credit Card loans","0","2019","AGRICULTURE"
"Oilseeds Mission","1","2019","AGRICULTURE"
"National Feed and Fodder Mission to eliminate the shoage of fodder","1","2019","AGRICULTURE"
"Ram Mandir","2","2019","CULTURAL HERITAGE"
"Namami Gange","2","2019","CULTURAL HERITAGE"
"Promoting Yoga Globally","2","2019","CULTURAL HERITAGE"
"Uniform Civil Code","1","2019","CULTURAL HERITAGE"
"Ease of Doing Business: Business Environment Rankings (BER) Progress.","2","2019","ECONOMY"
"Manufacturing","1","2019","ECONOMY"
"Doubling Total Exports","0","2019","ECONOMY"
"National Traders’ Welfare Board/ National Retail Trade Policy","1","2019","ECONOMY"
"Tax Cuts","1","2019","ECONOMY"
"Changes to the Companies Act","1","2019","ECONOMY"
"Seed Startup Fund","2","2019","ECONOMY"
"100 Lakh Crore investment","2","2019","ECONOMY"
"Faster Customs Clearance","0","2019","ECONOMY"
"Strengthening the Diplomatic Cadre and Outreach","1","2019","FOREIGN POLICY"
"Permanent membership of the United Nations Security Council","0","2019","FOREIGN POLICY"
"Ensure the availability of banking services within 5 kms of every individual","1","2019","GOOD GOVERNANCE"
"Achieve complete digitisation and modernisation of courts","1","2019","GOOD GOVERNANCE"
"Promote and increase digital transactions","1","2019","GOOD GOVERNANCE"
"Work towards substantially reducing the current levels of air pollution","0","2019","GOOD GOVERNANCE"
"Work towards completely eliminating crop residue burning to reduce air pollution","1","2019","GOOD GOVERNANCE"
"Establish 1.5 lakh health and wellness centres under Ayushman Bharat.","2","2019","HEALTH"
"Start setting up 75 new Medical Colleges/Post Graduate Medical Colleges.","1","2019","HEALTH"
"Enhance healthcare through digital means, including telemedicine.","2","2019","HEALTH"
"Child Care facilities.","1","2019","HEALTH"
"Drastic Reduction in the cases of TB.","1","2019","HEALTH"
"1:1400 Doctor-Population Ratio","1","2019","HEALTH"
"Poshan Abhiyaan.","2","2019","HEALTH"
"Complete Phase-1 of Bharatmala Project expeditiously","2","2019","INFRA"
"Develop National Highways Infrastructure","1","2019","INFRA"
"100% waste collection to achieve ODF+ and ODF++","2","2019","INFRA"
"Achieve 175 GW of renewable energy capacity","2","2019","INFRA"
"Strive to achieve 10% blending of ethanol in petrol","1","2019","INFRA"
"Connect every Gram Panchayat with high-speed optical fiber","2","2019","INFRA"
"Supply of piped cooking gas in major Tier 1 and 2 cities","1","2019","INFRA"
"Form a new Ministry of Water","1","2019","INFRA"
"Increase operational airports to 150","1","2019","INFRA"
"Increase port capacity to 2500 MTPA","2","2019","INFRA"
"Ensure conversion of all viable rail tracks to broad gauge by 2022.","1","2019","INFRA"
"Make all efforts to ensure electrification of all railway tracks by 2022, smart railways across India.","2","2019","INFRA"
"Work towards equipping all main railway stations with Wi-Fi facility.","1","2019","INFRA"
"Complete the Dedicated Freight Corridor (DFC) by 2022.","2","2019","INFRA"
"Ensure a pucca house to every family","1","2019","INFRA"
"Ensure LPG gas cylinder connection to all poor rural households","1","2019","INFRA"
"Ensure 100% electrification of all households","0","2019","INFRA"
"Ensure every citizen has access to a bank account","1","2019","INFRA"
"Ensure a toilet in every household","2","2019","INFRA"
"Ensure access to safe and potable drinking water for all households","2","2019","INFRA"
"14 more integrated check-posts by 2024.","1","2019","SECURITY"
"Smart Fencing of Borders","1","2019","SECURITY"
"Ensure comprehensive social security coverage for all unorganised labourers","2","2019","WOMEN AND INCLUSIVE DEVELOPMENT"
"Work towards increasing female workforce participation rate","1","2019","WOMEN AND INCLUSIVE DEVELOPMENT"
"Ensure justice for Muslim women by enacting the law against triple talaq","2","2019","WOMEN AND INCLUSIVE DEVELOPMENT"
"Expand the Pradhan Mantri Shram Yogi Maandhan scheme to cover all small shopkeepers","0","2019","WOMEN AND INCLUSIVE DEVELOPMENT"
"Strive to make all government buildings accessible","1","2019","WOMEN AND INCLUSIVE DEVELOPMENT"
"Ensure the completion of six Tribal Freedom Fighters Museums","2","2019","WOMEN AND INCLUSIVE DEVELOPMENT"
"Work towards completing the development of ‘Panchteeh’ circuit","2","2019","WOMEN AND INCLUSIVE DEVELOPMENT"
"We will expand the coverage of Pradhan Mantri Kisan Samman Nidhi Yojana to all the farmers in the country","1","2019","AGRICULTURE"
"We will launch a pension scheme for all small and marginal farmers in the country so as to ensure social security to them on reaching years of age","1","2019","AGRICULTURE"
"We are committed to making an investment of Rs.25 lakh crore to improve the productivity of the farm sector","1","2019","AGRICULTURE"
"We will provide short-term new agriculture loans up to Rs. lakh at a 0% interest rate for 1-5 years on the condition of prompt repayment of the principal amount","0","2019","AGRICULTURE"
"We will make enrollment of farmers under the Pradhan Mantri Fasal Bima Yojana voluntary","1","2019","AGRICULTURE"
"We will work towards reducing all agricultural imports and institute a predictable export and import policy with a built-in mechanism for encouraging exports and discouraging imports","1","2019","AGRICULTURE"
"We will ensure timely availability of improved seeds of promising varieties at affordable rates with doorstep testing facilities","1","2019","AGRICULTURE"
"We will launch a new mission to achieve self-sufficiency in oil seeds and other agriproducts.","1","2019","AGRICULTURE"
"We will build an efficient storage and transport mechanism for agriculture produce","1","2019","AGRICULTURE"
"We will establish a National Warehousing Grid along National Highways to ensure necessary logistical linkages for warehousing of agricultural produce","1","2019","AGRICULTURE"
"To enable the farmer to store the agri-produce near his village and sell at a remunerative price at an appropriate time, we will roll out a new “Village Storage Scheme” of agri-produce. We will provide farmers with loans at cheaper rates on the basis of storage receipt of the agri-produce","0","2019","AGRICULTURE"
"We will promote chemical-free organic farming in an additional lakh hectare of hilly, tribal and rainfed areas in the next years","1","2019","AGRICULTURE"
"We will launch a dedicated e-commerce portal to enhance the availability of organic produce to the doorsteps of consumers","1","2019","AGRICULTURE"
"Goshalas in the country will be linked to the promotion of organic farming","1","2019","AGRICULTURE"
"Promotion of organic eco-tourism in the vicinity of organic farming will also ensure additional income to the farmers","1","2019","AGRICULTURE"
"We will launch a National Bee-keeping and Honey Mission to ensure additional returns to the farmers. We will double the honey production from the present 115,000 MT by developing infrastructural facilities and providing marketing support","1","2019","AGRICULTURE"
"Work will soon be completed on Pradhan Mantri Krishi Sinchai Yojana projects in phases up to December","1","2019","AGRICULTURE"
"We will bring one crore hectares agricultural land under micro-irrigation, this would be supplemented with ‘fertigation’ to promote judicious use of fertilizers.","1","2019","AGRICULTURE"
"We recognize the role of cooperatives and Farmer Producer Organizations (FPOs) can play in ensuring better market linkages and opportunities in the agricultural sector and we are committed to support and strengthen them.","1","2019","AGRICULTURE"
"We will enable the creation of 10,000 new Farmer Producer Organisations (FPOs) by to ensure economies of scale for farmers regarding access to inputs and markets","1","2019","AGRICULTURE"
"To cater to the needs of big cities we will set up a mechanism of direct marketing of vegetables, fruits, dairy and fishery products through farmers’ cooperative organizations so as to ensure better price return to the farmers","1","2019","AGRICULTURE"
"We will create a mobile app-based system for promoting the availability of agri-implements on rental/custom hiring basis","1","2019","AGRICULTURE"
"We will extensively use technology to ensure a better knowledge of the market prices of various agri products for the benefit of farmers","1","2019","AGRICULTURE"
"We will enable development of young agri-scientists to take advantage of Artificial Intelligence, Machine Learning, Blockchain technology, Big Data analytics etc. for more predictive and profitable precision agriculture.","1","2019","AGRICULTURE"
"On the lines of Aadhaar project, we will digitize land records on a mission mode. We will implement second-generation land reforms to ensure title guarantee for the landholder and reduce land-related litigation","1","2019","AGRICULTURE"
"We will create a model law for conclusive titling (in consultation with states) promoting title guarantee and title insurance and work with","0","2019","AGRICULTURE"
"We have given utmost importance to the dairy sector and have established Kamdhenu Aayog for the conservation of indigenous species of cows. We will establish a network of mobile veterinary dispensaries to provide doorstep service to farmers.","1","2019","AGRICULTURE"
"We will roll out a model programme for periodic health checkup of all cattle and other domestic animals at the district level with the help of veterinary","1","2019","AGRICULTURE"
"We will expand the coverage of immunization and eliminate Foot and Mouth Disease and Brucellosis","1","2019","AGRICULTURE"
"We will launch a National Feed and Fodder Mission to eliminate the shortage of fodder","1","2019","AGRICULTURE"
"We will launch ‘Matsya Sampada Yojana’ with an allocation of Rs. 10,000 crores to ensure availability of storage and marketing tools and infrastructure like ice-boxes, cold storages, ice-plants etc. for small and traditional fishermen","2","2019","AGRICULTURE"
"We will promote aquaculture through easy access to credit","1","2019","AGRICULTURE"
"We will facilitate farming of sea-weed, pearl as well as ornamental fish to ensure a better return to the fishermen","1","2019","AGRICULTURE"
"We will bring all fishermen under the ambit of all welfare programmes and social security schemes with expanded coverage for accident insurance","1","2019","AGRICULTURE"
"We will establish 50,000 ‘Van Dhan Vikas Kendras’ in the tribal areas of the country to ensure the availability of primary processing and value addition for forest produce and to provide employment for tribals and increase tribal income","1","2019","AGRICULTURE"
"We view solar energy as an additional source of income for farmers and will encourage solar farming on a massive scale so as to enable the ‘Annadaata’(food provider) to become ‘Urja-daata’ (energy provider)","1","2019","ENVIRONMENT"
"We will launch ‘Jal Jivan Mission’ under which we will introduce a special program, ‘Nal se Jal’ to ensure piped water connection to every household by","1","2019","ENVIRONMENT"
"Sustainable Solid Waste Management in every village. Through the mission, we will ensure 100% disposal of liquid waste through emphasis on faecal sludge management and reuse of waste water in rural, peri urban and unsewered areas","1","2019","ENVIRONMENT"
"We will form a new Ministry of Water unifying the water management functions to approach the issue of water management","0","2019","ENVIRONMENT"
"We will ensure sustainability of water supply through special focus on conservation of rural water bodies and ground water recharge","1","2019","ENVIRONMENT"
"Ensuring a right mix of energy which leads towards a cleaner environment, 8. We will install renewable energy capacity of GW by","1","2019","ENVIRONMENT"
"We will further make all efforts to invite other countries of the world to become members of the International Solar Alliance We will explore the diversity of our oceans,","1","2019","ENVIRONMENT"
"have a human crewed submersible going to the deepest oceans that will facilitate sustainable use of resources. With a thrust on non-fossil fuels, our research mission in this area will reduce imports and make India a leader in new technologies","0","2019","ENVIRONMENT"
"We will get the latest technologies to transform Waste to Energy and Wealth in a major mission, 11. Adoption of cleaner practises to make our nation a greener country","1","2019","ENVIRONMENT"
"We will convert the National Clean Air Plan into a Mission and we will focus on most polluted cities in the country. Through concerted action, we will reduce the level of pollution in each of the mission cities by at least 35% over the next five years","1","2019","ENVIRONMENT"
"We will ensure the Himalayan States are provided special financial assistance in the form of a 'Green Bonus' to facilitate the protection and promotion of forests in those states","0","2019","ENVIRONMENT"
"We are committed to ensure a clean and uninterrupted flow of river Ganga from Gangotri to Ganga Sagar. We will ensure that the sewerage infrastructure","1","2019","ENVIRONMENT"
"The villages located on the banks of the river, which are already open defecation free, will be taken up under a special project to ensure complete sustainable management of solid and liquid waste Under the ‘​​Namami Gange: A matter of Pride’ section of the manifesto.","1","2019","ENVIRONMENT"
"We will promote Yoga as a vital method to achieve physical wellness and spiritual rejuvenation across the globe and will continue to work towards training of Yoga practitioners","2","2019","HEALTH"
"We will undertake a rapid expansion of Yoga    h health hubs, Yoga tourism and research in Yoga                       h","1","2019","HEALTH"
"We are committed to leverage all resources to ensure that the out-of-pocket expenditure (OOPE) on health is reduced and all citizens can avail necessary medical services. +","1","2019","HEALTH"
"We also initiated a programme to set up 1,50,000 Health and Wellness Centres (HWCs) by 2022. Till date 17,150 HWCs have become functional. We will take up the programme of HWCs to next level. We will target provisioning of telemedicine and diagnostic laboratory facilities at these HWCs by to ensure quality primary medical care to the poor at his doorstep.","1","2019","HEALTH"
"We will create an essential devices list and a separate pricing policy for medical devices to","1","2019","HEALTH"
"75 Medical Institutes will be set up by 2022. This would ensure availability and accessibility of quality secondary and tertiary medical care to the citizens across the diverse landscape of our country (+)","1","2019","HEALTH"
"We will double the number of MBBS and Specialist doctors in the country by as compared to the work done from till","1","2019","HEALTH"
"We will also accelerate the reforms in para-medical education sector so as to increase the availability of nurses, pharmacists and other paramedical personnel.","1","2019","HEALTH"
"We will initiate a genome mission for human health that will bring the latest diagnosis and treatment to our entire population through frugal innovation","1","2019","HEALTH"
"We will increase the coverage of Ayushman Bharat to include all Anganwadi workers and workers to ensure improved health and social support system for these frontline workers","1","2019","HEALTH"
"The Technology Centres, other skilling centres of MSMEs and NSICs incubation centres alone would provide focussed and high-level skilling to more than lakh people per year","1","2019","EDUCATION"
"We will launch a Language Translation Mission that will enable ready translation of English text in Science & Technology and humanities in any of our languages. This will take the best works, bilingually, to every student in the country","1","2019","EDUCATION"
"We will take all           h necessary steps to increase the number of     h seats in Central Law, Engineering, Science and Management institutions by at least   h 50% in the next five years. We will also        h motivate States to accordingly increase the number of seats in State h institutions h h h h n h","1","2019","EDUCATION"
"We have given due emphasis to online courses as a medium of delivering education in the last five years. We will take it to the next level and make it a major resource for imparting higher education.","1","2019","EDUCATION"
"We will relook the role of existing regulatory institutions’ and make necessary changes in the","1","2019","EDUCATION"
"We will encourage academic institutions towards excellence and motivate more such institutions to rank among the top institutions of the world","1","2019","EDUCATION"
"We will consciously promote a programme for ‘Study in India’, which will focus on bringing foreign students to study in higher educational institutions","1","2019","EDUCATION"
"We have launched the ‘National Digital Library of India’ and provided","2","2019","EDUCATION"
"We will formulate a ‘National Policy for Reskilling and Upskilling’ to evolve a flexible and industry responsive workforce which is capable of accessing new opportunities and to insulate it from technological shocks","1","2019","EDUCATION"
"We will draft a Uniform Civil Code, drawing upon the best traditions and","0","2019","EDUCATION"
"Public procurement and government incentives will be used actively to build up these clusters and","1","2019","LABOUR AND EMPLOYMENT"
"Setting up new incubators and accelerators by","1","2019","LABOUR AND EMPLOYMENT"
"Facilitating establishment of 50,000 new Startups in the nation by","1","2019","LABOUR AND EMPLOYMENT"
"We will continue to promote and encourage Startups through creation of a ‘Seed Startup","1","2019","LABOUR AND EMPLOYMENT"
"We will set-up new 'Entrepreneurial Northeast' scheme to provide financial support to the micro, small and medium industries and for employment generation in the Northeastern state","1","2019","LABOUR AND EMPLOYMENT"
"We will formulate a dedicated programme for the creation of work opportunities, provide skill training and strengthen social security mechanism for","1","2019","LABOUR AND EMPLOYMENT"
"We will ensure that the economically weaker sections (EWS) of the society who belong to the non-reserved category are represented and have access to government jobs and higher education","1","2019","LABOUR AND EMPLOYMENT"
"We promise to create a more effective framework for the resettlement of our Armed Forces veterans. Under this effort the Armed Forces will start planning for the resettlement of soldiers three years before their retirement and in accordance with their preferences. This will include provision for skills training, soft skills training, financial","1","2019","PERSONNEL AND GOVERNANCE"
"We will modernize the Central Armed Police Forces to further increase their capacity and readiness and enable them to effectively combat internal security challenges","1","2019","PERSONNEL AND GOVERNANCE"
"We will provide assistance to the states to upgrade their police forces through the ‘Scheme for Modernization of Police Forces’","1","2019","PERSONNEL AND GOVERNANCE"
"We will formulate a ‘Model Police Act’ in consultation with the States to have a pro-people citizen friendly police. This will take the Indian policing at par with its contemporaries anywhere in the world,","0","2019","PERSONNEL AND GOVERNANCE"
"We will expand the Pradhan Mantri Shram Yogi Maandhan scheme","1","2019","PERSONNEL AND GOVERNANCE"
"We will endeavour to make the National Nutrition Mission a mass movement and strengthen infrastructure and capacity in all Anganwadis","1","2019","WOMEN AND CHILD DEVELOPMENT"
"We will ensure full immunization coverage for all the children and pregnant women by","1","2019","WOMEN AND CHILD DEVELOPMENT"
"We will provide adequate resources under the Khelo India scheme to ensure the achievement of declared objectives. Under this scheme, special attention will be given to encourage sporting talent among women.","1","2019","WOMEN AND CHILD DEVELOPMENT"
"We will provide accessible and affordable quality education to all women. We will ensure that ample financial support is available to girls throughout their education and subsidised education in the next years, to ensure financial empowerment among women.","1","2019","WOMEN AND CHILD DEVELOPMENT"
"In rural and semi-rural areas and create better employment opportunities for them, we will make every effort to ensure access to credit and other resources, capacity building, market and distribution network for women entrepreneurs, SHGs and women","1","2019","WOMEN AND CHILD DEVELOPMENT"
"We are committed to make women equal partners in and equal beneficiaries of the progress and prosperity of the nation and will formulate a comprehensive ‘Women in Workforce’ roadmap focussed on dramatically increasing the female workforce participation rate over the next five years. We will also encourage industries and corporates to generate better employment opportunities for women.","1","2019","WOMEN AND CHILD DEVELOPMENT"
"To generate better work    h opportunities for          n women, 10% material to h be sourced for u government procurement will be        h done from MSMEs            m","1","2019","WOMEN AND CHILD DEVELOPMENT"
"To ensure greater participation of women in the workforce, it is necessary to enable them to continue in the workforce by providing","1","2019","WOMEN AND CHILD DEVELOPMENT"
"We will reduce the malnutrition level by at least 10% in the next five years, doubling the rate","1","2019","WOMEN AND CHILD DEVELOPMENT"
"We will ensure that all reproductive and menstrual health services are easily available to all women across India and with the expansion of ongoing Suvidha scheme, sanitary pads at an affordable cost of just Rs. will be provided to all women and girls","1","2019","WOMEN AND CHILD DEVELOPMENT"
"To create a positive atmosphere for women, promote gender justice and create awareness on issues related to women, gender sensitisation courses will be made an essential part of all educational institution’s curriculum and training modules of public offices.","1","2019","WOMEN AND CHILD DEVELOPMENT"
"We are committed to        h ensure the welfare of widows of defence personnel who were killed in action.","1","2019","WOMEN AND CHILD DEVELOPMENT"
"Women's welfare and development will be accorded a high priority at all levels within the government, and the party is committed to 33% reservation in parliament and state assemblies through a constitutional amendment","0","2019","WOMEN AND CHILD DEVELOPMENT"
"We will formulate a comprehensive Child Protection Framework to facilitate the setting up of standards and robust inspection and monitoring of child care institutions across India","1","2019","WOMEN AND CHILD DEVELOPMENT"
