PROMISE,STATUS AND COMMENTS,LINKS
Ease of Doing Business: Business Environment Rankings (BER) Progress.,- 2018-22: Ranked 14th in Asia. | - 2023-27 Forecast: Projected to improve to 10th in Asia. | - Global Improvement: Climbed six spots in the global BER as per the Economist Intelligence Unit (EIU).,
Manufacturing,"- Aspiration to increase manufacturing sector's GDP contribution from 17% to 25% by 2025. - Performance-linked Incentives (PLI) scheme led to a 76% increase in FDI and is expected to create 60 lakh additional jobs. - 139% increase in smartphone exports and 20% value addition in mobile manufacturing. - India's status as the second-largest producer of steel, cement, and coal. - Robust infrastructure including the second-largest road network and fourth-largest railway network. - Initiatives like the National Green Hydrogen Mission and support for electric vehicles.","https://www.deccanherald.com/business/economy/indias-manufacturing-sector-growth-falls-to-18-month-low-in-december-on-softer-rise-in-orders-output-2833626
 https://pib.gov.in/PressReleaseIframePage.aspx?PRID=1962137
 https://www.newindianexpress.com/cities/delhi/2024/jan/03/flawed-policies-of-bjp-led-to-unemployment-dip-in-manufacturing-sector-aap-2647320.html"
Doubling Total Exports,"India's overall exports were estimated at USD 62.26 Billion in October 2023, reflecting a 9.43 percent increase over the USD 56.90 Billion recorded in October 2022. For the period of April-October 2023, India's overall exports were estimated to be USD 437.54 Billion, showing a negative growth of -1.61 percent compared to April-October 2022. In 2019, India's exports were valued at $529.25 Billion.",Link to Data
National Traders’ Welfare Board/ National Retail Trade Policy,"India established the National Traders’ Welfare Board (NTWB) in 2023. The NTWB's objectives include identifying policy measures for the welfare of traders and their employees, suggesting simplifications in the Acts and Rules applicable to traders, and advising on social security benefits for traders. The Board consists of various members representing different facets of trade and government. However, the National Retail Trade Policy in India has not yet been fully implemented. The BJP-led government has made strides in implementing a single-window system that indirectly benefits MSMEs.",
Tax Cuts,"The BJP's promise on tax reforms included corporate tax cuts, reducing the effective income tax for corporations from 34.94% to 25.17%. The minimum alternate tax was also reduced from 18.5% to 15%. Despite these cuts costing the exchequer about Rs 1.84 lakh crore over two years, the impact on economic growth and compliance has been debated.",Link to Article
Changes to the Companies Act,"The Companies (Amendment) Act, 2020, focused on decriminalizing various offenses under the Companies Act, 2013, shifting certain offenses from criminal to civil jurisdiction. It introduced in-house adjudication mechanisms and proposed the removal of imprisonment penalties for specific offenses, opting for monetary penalties. There's also a reduction in penalties related to financial statements and corporate social responsibility. These amendments aim to reduce the legal burden on corporations.",Link to Article
Seed Startup Fund,Scheme has been implemented,https://pib.gov.in/PressReleasePage.aspx?PRID=1895966
100 Lakh Crore investment,Gati Shakti Mission Launched in 2021 with 100 lakh crore investment,"https://www.thehindubusinessline.com/news/national/pm-modi-announces-100-lakh-crore-project-for-infrastructure-building/article35921748.ece#:~:text=He%20announced%20an%20ambitious%20project,integrated%20pathway%20to%20the%20country."
Faster Customs Clearance,"Has dropped for air cargo, data not available for ports",https://economictimes.indiatimes.com/news/economy/foreign-trade/customs-clearance-time-for-imports-drops-11-pc-at-air-cargo-complex/articleshow/101020747.cms?from=mdr